epoch,train_loss,train_dice,train_iou,val_loss,val_dice,val_iou
1,0.6829079786936442,0.3262541459666358,0.19522009955512154,0.7789668142795563,0.3158319592475891,0.18790944665670395
2,0.6112025313907199,0.39887233906322056,0.24949754609002006,0.6836932897567749,0.386176660656929,0.23977065086364746
3,0.5680713786019219,0.8452825215127733,0.7321142686737908,0.5177070200443268,0.8449276685714722,0.7315546572208405
4,0.5357905891206529,0.8463612927330865,0.7337320182058547,0.483232244849205,0.8467674255371094,0.7343218624591827
5,0.5132533311843872,0.817312114768558,0.6911659042040507,0.5007219612598419,0.8158316016197205,0.6890453100204468
6,0.47895265287823147,0.8337192138036092,0.7149277329444885,0.49392592906951904,0.831992894411087,0.7123993933200836
7,0.45142919818560284,0.8808217843373617,0.7870705723762512,0.46647079288959503,0.8813779950141907,0.7879347801208496
8,0.4243059390121036,0.916174934970008,0.8453356557422214,0.4315343201160431,0.9175188839435577,0.84762242436409
